{"global_step": 1000341504, "_timestamp": 1755727689.1919105, "perf/_fps": 0.0, "stats/master_process_memory_mb": 980.55078125, "perf/_sample_throughput": 15974.5302734375, "stats/memory_policy_worker": 3956.8359375, "stats/gpu_mem_policy_worker": 21.585920333862305, "stats/gpu_cache_policy_worker": 1577.058349609375, "stats/avg_request_count": 1.5, "_runtime": 69145.6179754734, "_step": 3816, "train/lr": 0.00022000000171829015, "train/actual_lr": 0.00022000000171829015, "train/valids_fraction": 1.0, "train/same_policy_fraction": 1.0, "train/grad_norm": 0.11201435327529907, "train/loss": 6.370554910972714e-05, "train/value": 0.3682349920272827, "train/entropy": 0.010702833533287048, "train/policy_loss": 0.00026512937620282173, "train/kl_loss": 0.0, "train/value_loss": 4.4741351302945986e-05, "train/exploration_loss": -0.00024616517475806177, "train/act_min": 1.0, "train/act_max": 4.0, "train/adv_min": -0.062432993203401566, "train/adv_max": 0.05083410441875458, "train/adv_std": 0.009402784518897533, "train/adv_mean": 0.0005894352216273546, "train/max_abs_logprob": 20.67481803894043, "train/adam_max_second_moment": 1.6834752386785112e-05, "train/version_diff_avg": 1.0, "train/version_diff_min": 1.0, "train/version_diff_max": 1.0, "stats/memory_learner": 4283.421875, "stats/gpu_mem_learner": 1225.9798583984375, "stats/gpu_cache_learner": 13140.7548828125, "train/kl_divergence": 0.0008521429263055325, "train/kl_divergence_max": 0.6636710166931152, "train/value_delta": 0.002132775727659464, "train/value_delta_max": 0.0067296624183654785, "train/fraction_clipped": 0.0052490234375, "train/ratio_mean": 0.003572199260815978, "train/ratio_min": 0.311545729637146, "train/ratio_max": 3.636188268661499, "train/num_sgd_steps": 16.0, "stats/wait_policy": 0.004752230830490589, "stats/step_policy": 0.0182062815874815, "reward/reward": 4.75, "reward/reward_min": 4.599999904632568, "reward/reward_max": 4.860000133514404, "len/len": 512.0, "len/len_min": 512.0, "len/len_max": 512.0, "policy_stats/avg_avg_throughput": 1.984765648841858, "policy_stats/avg_true_objective": 4.75, "policy_stats/avg_true_objective_min": 4.599999904632568, "policy_stats/avg_true_objective_max": 4.860000133514404, "avg_throughput": 1.984765648841858, "true_objective": 4.75, "_wandb": {"runtime": 69118}}